icdo3_histology_code,icdo3_histology_synonym_name
8000/0,"Tumor, benign"
8000/0,"Unclassified tumor, benign"
8000/1,"Neoplasm, NOS"
8000/1,"Tumor, NOS"
8000/1,"Unclassified tumor, borderline malignancy"
8000/1,"Unclassified tumor, uncertain whether benign or malignant"
8000/3,Malignancy
8000/3,"Tumor, malignant, NOS"
8000/3,"Unclassified tumor, malignant"
8000/3,"Blastoma, NOS"
8000/3,Cancer
8000/6,"Neoplasm, secondary"
8000/6,"Tumor embolus"
8000/6,"Tumor, metastatic"
8000/6,"Tumor, secondary"
8000/9,"Unclassified tumor, malignant, uncertain whether primary or metastatic"
8001/1,"Tumor cells, NOS"
8004/3,"Malignant tumor, fusiform cell type"
8010/2,"Intraepithelial carcinoma, NOS"
8010/3,"Epithelial tumor, malignant"
8010/6,"Secondary carcinoma"
8011/3,"Epithelioma, NOS"
8033/3,"Sarcomatoid carcinoma"
8041/3,"Small cell neuroendocrine carcinoma"
8041/3,"Reserve cell carcinoma"
8041/3,"Round cell carcinoma"
8045/3,"Combined small cell-large cell carcinoma"
8045/3,"Combined small cell-adenocarcinoma"
8045/3,"Combined small cell-squamous cell carcinoma"
8045/3,"Mixed small cell carcinoma"
8051/3,"Verrucous epidermoid carcinoma"
8051/3,"Verrucous squamous cell carcinoma"
8051/3,"Warty carcinoma"
8051/3,"Condylomatous carcinoma"
8052/0,"Keratotic papilloma"
8052/0,"Squamous papilloma"
8052/2,"Papillary squamous cell carcinoma in situ"
8052/3,"Papillary epidermoid carcinoma"
8060/0,"Papillomatosis, NOS"
8070/2,"Intraepidermal carcinoma, NOS"
8070/2,"Intraepithelial squamous cell carcinoma"
8070/2,"Epidermoid carcinoma in situ, NOS"
8070/3,"Squamous cell epithelioma"
8070/3,"Epidermoid carcinoma, NOS"
8070/3,"Squamous carcinoma"
8071/3,"Squamous cell carcinoma, large cell, keratinizing"
8071/3,"Epidermoid carcinoma, keratinizing"
8072/3,"Squamous cell carcinoma, nonkeratinizing, NOS"
8072/3,"Epidermoid carcinoma, large cell, nonkeratinizing"
8073/3,"Epidermoid carcinoma, small cell, nonkeratinizing"
8074/3,"Squamous cell carcinoma, sarcomatoid"
8074/3,"Epidermoid carcinoma, spindle cell"
8075/3,"Squamous cell carcinoma, acantholytic"
8075/3,"Squamous cell carcinoma, pseudoglandular"
8076/2,"Epidermoid carcinoma in situ with questionable stromal invasion"
8077/0,"Cervical intraepithelial neoplasia, low grade"
8077/0,"Anal intraepithelial neoplasia, low grade"
8077/0,"Esophageal squamous intraepithelial neoplasia (dysplasia), low grade"
8077/0,"Squamous intraepithelial neoplasia, grade II"
8077/0,"Squamous intraepithelial neoplasia, grade I"
8077/2,"Esophageal squamous intraepithelial neoplasia (dysplasia), high grade"
8077/2,"Anal intraepithelial neoplasia, grade III"
8077/2,"Vulvar intraepithelial neoplasia, grade III"
8077/2,"Cervical intraepithelial neoplasia, grade III"
8077/2,"Vaginal intraepithelial neoplasia, grade III"
8077/2,"AIN III"
8077/2,"VAIN III"
8077/2,"VIN III"
8077/2,"CIN III, NOS"
8077/2,"CIN III with severe dysplasia"
8077/2,"Squamous intraepithelial neoplasia, grade III"
8081/2,"Intraepidermal squamous cell carcinoma, Bowen type"
8082/3,"Schmincke tumor"
8082/3,Lymphoepithelioma
8082/3,"Lymphoepithelioma-like carcinoma"
8090/3,"Pigmented basal cell carcinoma"
8090/3,"Rodent ulcer"
8090/3,"Basal cell epithelioma"
8091/3,"Multicentric basal cell carcinoma"
8092/3,"Infiltrating basal cell carcinoma, sclerosing"
8092/3,"Infiltrating basal cell carcinoma, non-sclerosing"
8092/3,"Basal cell carcinoma, desmoplastic type"
8092/3,"Basal cell carcinoma, morpheic"
8093/3,"Pinkus tumor"
8093/3,"Fibroepithelial basal cell carcinoma, Pinkus type"
8093/3,"Fibroepithelioma, NOS"
8093/3,"Fibroepithelioma of Pinkus type"
8094/3,"Mixed basal-squamous cell carcinoma"
8097/3,"Basal cell carcinoma, micronodular"
8100/0,"Brooke tumor"
8100/0,"Epithelioma adenoides cysticum"
8102/3,"Trichilemmal carcinoma"
8103/0,"Proliferating trichilemmal cyst"
8103/0,"Proliferating trichilemmal tumor"
8110/0,"Pilomatricoma, NOS"
8110/0,"Calcifying epithelioma of Malherbe"
8110/3,"Matrical carcinoma"
8110/3,"Pilomatrixoma, malignant"
8110/3,"Pilomatricoma, malignant"
8120/0,"Transitional papilloma"
8120/1,"Papilloma of bladder"
8120/1,"Transitional cell papilloma, NOS"
8120/2,"Urothelial carcinoma in situ"
8120/3,"Transitional carcinoma"
8120/3,"Urothelial carcinoma, NOS"
8121/0,"Transitional papilloma, inverted, benign"
8121/0,"Sinonasal papilloma, exophytic"
8121/0,"Transitional cell papilloma, inverted, benign"
8121/0,"Sinonasal papilloma, fungiform"
8121/0,"Sinonasal papilloma, NOS"
8121/1,"Schneiderian papilloma, inverted"
8121/1,"Columnar cell papilloma"
8121/1,"Cylindrical cell papilloma"
8121/1,"Oncocytic Schneiderian papilloma"
8121/1,"Transitional papilloma, inverted, NOS"
8121/3,"Cylindrical cell carcinoma"
8122/3,"Transitional cell carcinoma, sarcomatoid"
8130/1,"Papillary urothelial neoplasm of low malignant potential"
8130/2,"Papillary urothelial carcinoma, non-invasive"
8130/3,"Papillary urothelial carcinoma"
8140/1,"Bronchial adenoma, NOS"
8141/3,"Scirrhous carcinoma"
8141/3,"Carcinoma with productive fibrosis"
8144/3,"Carcinoma, intestinal type"
8145/3,"Adenocarcinoma, diffuse type"
8148/0,"Esophageal glandular dysplasia (intraepithelial neoplasia), low grade"
8148/0,"Biliary intraepithelial neoplasia, low grade"
8148/0,"Glandular intraepithelial neoplasia, grade II"
8148/0,"Glandular intraepithelial neoplasia, grade I"
8148/2,"Flat intraepithelial glandular neoplasia, high grade"
8148/2,"Esophageal glandular dysplasia (intraepithelial neoplasia), high grade"
8148/2,"Biliary intraepithelial neoplasia, high grade"
8148/2,"Prostatic intraepithelial neoplasia, grade III"
8148/2,"PIN III"
8148/2,"Flat intraepithelial neoplasia, high grade"
8148/2,"Glandular intraepithelial neoplasia, grade III"
8148/2,"Esophageal intraepithelial neoplasia, high grade"
8148/2,"Flat intraepithelial neoplasia (dysplasia), high grade"
8148/2,"Biliary intraepithelial neoplasia, grade 3 (BilIN-3)"
8150/0,"Pancreatic microadenoma"
8150/0,"Islet cell adenomatosis"
8150/0,"Islet cell tumor, benign"
8150/0,Nesidioblastoma
8150/0,"Islet cell adenoma"
8150/1,"Islet cell tumor, NOS"
8150/3,"Pancreatic endocrine tumor, nonfunctioning"
8150/3,"Islet cell adenocarcinoma"
8150/3,"Islet cell carcinoma"
8151/0,"Beta cell adenoma"
8151/3,"Beta cell tumor, malignant"
8152/1,"Pancreatic peptide and pancreatic peptide-like peptide within terminal tyrosine amide producing tumor"
8152/1,"L-cell tumor"
8152/1,"Enteroglucagonoma, NOS"
8152/1,"Glucagon-like peptide-producing tumor"
8152/1,"Alpha cell tumor, NOS"
8152/1,"PP/PYY producing tumor"
8152/3,"Enteroglucagonoma, malignant"
8152/3,"Alpha cell tumor, malignant"
8153/1,"Gastrin cell tumor"
8153/1,"G cell tumor, NOS"
8153/3,"Gastrin cell tumor, malignant"
8153/3,"G cell tumor, malignant"
8154/3,"Mixed acinar-endocrine-ductal carcinoma"
8154/3,"Mixed acinar-endocrine carcinoma"
8154/3,"Mixed ductal-endocrine carcinoma"
8154/3,"Mixed endocrine and exocrine adenocarcinoma"
8154/3,"Mixed islet cell and exocrine adenocarcinoma"
8156/1,"Somatostatin cell tumor, NOS"
8156/3,"Somatostatin cell tumor, malignant"
8158/1,"ACTH-producing tumor"
8160/0,Cholangioma
8160/3,"Bile duct adenocarcinoma"
8160/3,"Bile duct carcinoma"
8163/0,"Noninvasive pancreatobiliary papillary neoplasm with low grade intraepithelial neoplasia"
8163/0,"Noninvasive pancreatobiliary papillary neoplasm with low grade dysplasia"
8163/2,"Noninvasive pancreatobiliary papillary neoplasm with high grade dysplasia"
8163/2,"Noninvasive pancreatobiliary papillary neoplasm with high grade intraepithelial neoplasia"
8163/3,"Adenocarcinoma, pancreatobiliary type"
8170/0,"Hepatocellular adenoma"
8170/0,"Hepatoma, benign"
8170/3,Hepatocarcinoma
8170/3,"Hepatoma, malignant"
8170/3,"Hepatoma, NOS"
8170/3,"Liver cell carcinoma"
8172/3,"Sclerosing hepatic carcinoma"
8173/3,"Hepatocellular carcinoma, sarcomatoid"
8180/3,Hepatocholangiocarcinoma
8180/3,"Mixed hepatocellular and bile duct carcinoma"
8190/3,"Trabecular carcinoma"
8200/0,"Cylindroma of skin"
8200/0,"Turban tumor"
8200/3,"Adenocarcinoma, cylindroid"
8200/3,"Adenocystic carcinoma"
8200/3,"Cylindroma, NOS"
8201/2,"Ductal carcinoma in situ, cribriform type"
8201/3,"Cribriform comedo-type carcinoma"
8201/3,"Ductal carcinoma, cribriform type"
8201/3,"Adenocarcinoma, cribriform comedo-type"
8210/0,"Polypoid adenoma"
8210/2,"Adenocarcinoma in situ in a polyp, NOS"
8210/2,"Adenocarcinoma in situ in polypoid adenoma"
8210/2,"Adenocarcinoma in situ in tubular adenoma"
8210/2,"Carcinoma in situ in adenomatous polyp"
8210/2,"Carcinoma in situ in a polyp, NOS"
8210/3,"Adenocarcinoma in a polyp, NOS"
8210/3,"Adenocarcinoma in polypoid adenoma"
8210/3,"Adenocarcinoma in tubular adenoma"
8210/3,"Carcinoma in adenomatous polyp"
8210/3,"Carcinoma in a polyp, NOS"
8211/3,"Tubular carcinoma"
8213/0,"Sessile serrated adenoma"
8213/0,"Traditional sessile serrated adenoma"
8213/0,"Sessile serrated polyp"
8213/0,"Mixed adenomatous and hyperplastic polyp"
8213/0,"Traditional serrated adenoma"
8214/3,"Parietal cell adenocarcinoma"
8215/3,"Adenocarcinoma of anal ducts"
8220/0,"Adenomatosis, NOS"
8220/0,"Familial polyposis coli"
8230/2,"Intraductal carcinoma, solid type"
8230/3,"Solid carcinoma with mucin formation"
8230/3,"Solid adenocarcinoma with mucin formation"
8240/1,"Carcinoid tumor, argentaffin, NOS"
8240/3,"Bronchial adenoma, carcinoid"
8240/3,"Neuroendocrine carcinoma, low grade"
8240/3,"Typical carcinoid"
8240/3,"Neuroendocrine carcinoma, well-differentiated"
8240/3,"Neuroendocrine tumor, grade I"
8240/3,"Carcinoid, NOS"
8241/3,"Serotonin producing carcinoid"
8241/3,"Carcinoid tumor, argentaffin, malignant"
8241/3,"EC cell carcinoid"
8242/1,"ECL cell carcinoid, NOS"
8242/3,"ECL cell carcinoid, malignant"
8243/3,"Mucinous carcinoid"
8243/3,"Mucocarcinoid tumor"
8244/3,"Mixed carcinoid-adenocarcinoma"
8244/3,"Combined carcinoid and adenocarcinoma"
8244/3,"Combined/mixed carcinoid and adenocarcinoma"
8244/3,MANEC
8244/3,"Composite carcinoid"
8247/3,"Merkel cell tumor"
8247/3,"Primary cutaneous neuroendocrine carcinoma"
8249/3,"Neuroendocrine carcinoma, moderately differentiated"
8249/3,"Neuroendocrine tumor, grade 2"
8250/3,"Alveolar cell carcinoma"
8250/3,"Bronchiolar adenocarcinoma"
8250/3,"Bronchiolar carcinoma"
8250/3,"Bronchiolo-alveolar carcinoma, NOS"
8251/3,"Alveolar carcinoma"
8252/3,"Bronchiolo-alveolar carcinoma, Clara cell"
8252/3,"Bronchiolo-alveolar carcinoma, type II pneumocyte"
8253/3,"Bronchiolo-alveolar carcinoma, goblet cell type"
8254/3,"Bronchiolo-alveolar carcinoma, Clara cell and goblet cell type"
8254/3,"Bronchiolo-alveolar carcinoma, indeterminate type"
8254/3,"Bronchiolo-alveolar carcinoma, type II pneumocyte and goblet cell type"
8255/3,"Adenocarcinoma combined with other types of carcinoma"
8260/0,"Glandular papilloma"
8260/3,"Papillary renal cell carcinoma"
8260/3,"Papillary carcinoma of thyroid"
8261/0,"Villous papilloma"
8263/0,"Papillotubular adenoma"
8263/0,"Villoglandular adenoma"
8263/0,"Tubulo-papillary adenoma"
8263/3,"Papillotubular adenocarcinoma"
8263/3,"Tubulopapillary adenocarcinoma"
8264/0,"Biliary papillomatosis"
8270/3,"Chromophobe adenocarcinoma"
8280/0,"Eosinophil adenoma"
8280/3,"Acidophil adenocarcinoma"
8280/3,"Eosinophil adenocarcinoma"
8280/3,"Eosinophil carcinoma"
8290/0,"Follicular adenoma, oxyphilic cell"
8290/0,"Hurthle cell adenoma"
8290/0,"Hurthle cell tumor"
8290/0,"Spindle cell oncocytoma"
8290/0,"Oncocytic adenoma"
8290/0,Oncocytoma
8290/3,"Hurthle cell adenocarcinoma"
8290/3,"Hurthle cell carcinoma"
8290/3,"Follicular carcinoma, oxyphilic cell"
8290/3,"Oncocytic adenocarcinoma"
8290/3,"Oncocytic carcinoma"
8300/0,"Mucoid cell adenoma"
8300/3,"Mucoid cell adenocarcinoma"
8300/3,"Basophil adenocarcinoma"
8310/3,"Clear cell adenocarcinoma, mesonephroid"
8310/3,"Clear cell carcinoma"
8312/3,"Renal cell adenocarcinoma"
8313/0,"Clear cell cystadenofibroma"
8313/1,"Clear cell cystadenofibroma of borderline malignancy"
8313/3,"Clear cell cystadenocarcinofibroma"
8317/3,"Chromophobe cell renal carcinoma"
8318/3,"Renal cell carcinoma, spindle cell"
8319/3,"Renal carcinoma, collecting duct type"
8319/3,"Bellini duct carcinoma"
8320/3,"Granular cell adenocarcinoma"
8322/3,"Water-clear cell carcinoma"
8324/0,Adenolipoma
8330/3,"Follicular carcinoma, NOS"
8331/3,"Follicular carcinoma, well differentiated"
8332/3,"Follicular adenocarcinoma, moderately differentiated"
8332/3,"Follicular carcinoma, moderately differentiated"
8332/3,"Follicular carcinoma, trabecular"
8333/0,"Fetal adenoma"
8334/0,"Colloid adenoma"
8335/3,"Follicular carcinoma, encapsulated"
8340/3,"Papillary adenocarcinoma, follicular variant"
8340/3,"Papillary and follicular adenocarcinoma"
8340/3,"Papillary and follicular carcinoma"
8344/3,"Papillary carcinoma, tall cell"
8345/3,"Parafollicular cell carcinoma"
8345/3,"C cell carcinoma"
8350/3,"Papillary carcinoma, diffuse sclerosing"
8350/3,"Nonencapsulated sclerosing adenocarcinoma"
8350/3,"Nonencapsulated sclerosing tumor"
8360/1,"Endocrine adenomatosis"
8361/0,Reninoma
8370/0,"Adrenal cortical tumor, benign"
8370/0,"Adrenal cortical tumor, NOS"
8370/3,"Adrenal cortical adenocarcinoma"
8370/3,"Adrenal cortical tumor, malignant"
8372/0,"Pigmented adenoma"
8372/0,"Black adenoma"
8380/0,"Endometrioid cystadenoma, NOS"
8380/1,"Atypical proliferative endometrioid tumor"
8380/1,"Endometrioid cystadenoma, borderline malignancy"
8380/1,"Endometrioid tumor of low malignant potential"
8380/3,"Endometrioid cystadenocarcinoma"
8380/3,"Endometrioid carcinoma, NOS"
8381/0,"Endometrioid cystadenofibroma, NOS"
8381/1,"Endometrioid cystadenofibroma, borderline malignancy"
8381/3,"Endometrioid cystadenofibroma, malignant"
8390/0,"Adnexal tumor, benign"
8390/0,"Skin appendage tumor, benign"
8390/3,"Adnexal carcinoma"
8391/0,"Perifollicular fibroma"
8391/0,Trichodiscoma
8391/0,Fibrofolliculoma
8400/0,"Hidradenoma, NOS"
8400/0,"Sweat gland tumor, benign"
8400/0,"Syringadenoma, NOS"
8400/3,"Sweat gland carcinoma"
8400/3,"Sweat gland tumor, malignant"
8401/0,"Apocrine cystadenoma"
8402/0,"Clear cell hidradenoma"
8402/0,"Eccrine acrospiroma"
8402/3,Hidradenocarcinoma
8403/0,"Spiradenoma, NOS"
8404/0,"Eccrine cystadenoma"
8405/0,"Hidradenoma papilliferum"
8406/0,"Papillary syringocystadenoma"
8406/0,"Syringocystadenoma papilliferum"
8407/3,"Microcystic adnexal carcinoma"
8407/3,"Syringomatous carcinoma"
8408/3,"Digital papillary adenocarcinoma"
8409/3,Porocarcinoma
8410/0,"Sebaceous epithelioma"
8410/3,"Sebaceous carcinoma"
8420/3,"Ceruminous carcinoma"
8440/0,"Cystoma, NOS"
8441/0,"Serous microcystic adenoma"
8441/0,"Serous cystoma"
8441/3,"Serous adenocarcinoma, NOS"
8441/3,"Serous carcinoma, NOS"
8442/1,"Serous tumor, NOS, of low malignant potential"
8442/1,"Atypical proliferating serous tumor"
8444/1,"Atypical proliferating clear cell tumor"
8450/3,"Papillocystic adenocarcinoma"
8452/1,"Papillary cystic tumor"
8452/1,"Solid and cystic tumor"
8452/1,"Solid and papillary epithelial neoplasm"
8453/0,"Intraductal papillary-mucinous tumor with moderate dysplasia"
8453/0,"Intraductal papillary-mucinous tumor with intermediate dysplasia"
8453/0,"Intraductal papillary-mucinous tumor with low grade dysplasia"
8453/0,"Intraductal papillary-mucinous neoplasm with moderate dysplasia"
8453/0,"Intraductal papillary-mucinous neoplasm with low grade dysplasia"
8453/2,"Intraductal papillary mucinous neoplasm with high grade dysplasia"
8453/3,"Intraductal papillary mucinous neoplasm with an associated invasive carcinoma"
8460/3,"Micropapillary serous carcinoma"
8460/3,"Papillary serous adenocarcinoma"
8461/3,"Primary serous papillary carcinoma of peritoneum"
8462/1,"Papillary serous cystadenoma, borderline malignancy"
8462/1,"Papillary serous tumor of low malignant potential"
8462/1,"Atypical proliferative papillary serous tumor"
8470/0,"Mucinous cystic tumor with low-grade dysplasia"
8470/0,"Mucinous cystic tumor with intermediate dysplasia"
8470/0,"Mucinous cystic neoplasm with low-grade dysplasia"
8470/0,"Mucinous cystic neoplasm with low-grade intraepithelial neoplasia"
8470/0,"Mucinous cystic tumor with moderate dysplasia"
8470/0,"Mucinous cystic neoplasm with intermediate-grade dysplasia"
8470/0,"Mucinous cystic neoplasm with intermediate-grade intraepithelial neoplasia"
8470/0,"Mucinous cystoma"
8470/0,"Pseudomucinous cystadenoma, NOS"
8470/2,"Mucinous cystic tumor with high-grade dysplasia"
8470/2,"Mucinous cystic neoplasm with high-grade dysplasia"
8470/2,"Mucinous cystic neoplasm with high-grade intraepithelial neoplasia"
8470/3,"Mucinous cystic tumor with an associated invasive carcinoma"
8470/3,"Pseudomucinous adenocarcinoma"
8470/3,"Pseudomucinous cystadenocarcinoma, NOS"
8470/3,"Mucinous cystic neoplasm with an associated invasive carcinoma"
8471/0,"Papillary pseudomucinous cystadenoma, NOS"
8471/3,"Papillary pseudomucinous cystadenocarcinoma"
8472/1,"Mucinous cystadenoma, borderline malignancy"
8472/1,"Mucinous tumor, NOS, of low malignant potential"
8472/1,"Pseudomucinous cystadenoma, borderline malignancy"
8472/1,"Atypical proliferative mucinous tumor"
8473/1,"Papillary mucinous tumor of low malignant potential"
8473/1,"Papillary pseudomucinous cystadenoma, borderline malignancy"
8480/3,"Pseudomyxoma peritonei with unknown primary site"
8480/3,"Mucinous carcinoma"
8480/3,"Mucoid adenocarcinoma"
8480/3,"Mucoid carcinoma"
8480/3,"Mucous adenocarcinoma"
8480/3,"Mucous carcinoma"
8480/3,"Colloid adenocarcinoma"
8480/3,"Colloid carcinoma"
8481/3,"Mucin-producing carcinoma"
8481/3,"Mucin-secreting adenocarcinoma"
8481/3,"Mucin-secreting carcinoma"
8490/3,"Poorly cohesive carcinoma"
8490/3,"Signet ring cell adenocarcinoma"
8490/6,"Krukenberg tumor"
8500/2,"Ductal carcinoma in situ, NOS"
8500/2,"Intraductal adenocarcinoma, noninfiltrating, NOS"
8500/2,"Intraductal carcinoma, NOS"
8500/2,"DCIS, NOS"
8500/2,"DIN 3"
8500/2,"Ductal intraepithelial neoplasia 3"
8500/3,"Infiltrating duct adenocarcinoma"
8500/3,"Duct adenocarcinoma, NOS"
8500/3,"Ductal carcinoma, NOS"
8500/3,"Duct carcinoma, NOS"
8500/3,"Duct cell carcinoma"
8501/2,"DCIS, comedo type"
8501/2,"Ductal carcinoma in situ, comedo type"
8502/3,"Juvenile carcinoma of breast"
8503/0,"Intracystic papillary neoplasm with low grade intraepithelial neoplasia"
8503/0,"Intraductal papillary neoplasm with low grade intraepithelial neoplasia"
8503/0,"Intraductal tubular-papillary neoplasm, low grade"
8503/0,"Intraductal papillary neoplasm, NOS"
8503/0,"Duct adenoma, NOS"
8503/0,"Ductal papilloma"
8503/0,"Intraductal papillary neoplasm with intermediate grade neoplasia"
8503/0,"Intraglandular papillary neoplasm with low grade intraepithelial neoplasia"
8503/0,"Intracystic papillary neoplasm with intermediate grade intraepithelial neoplasia"
8503/2,"Intraductal tubular-papillary neoplasm, high grade"
8503/2,"Intraductal papillary neoplasm with high grade intraepithelial neoplasia"
8503/2,"Intraductal papillary adenocarcinoma, NOS"
8503/2,"Intraductal papillary carcinoma, NOS"
8503/2,"Noninfiltrating intraductal papillary carcinoma"
8503/2,"DCIS, papillary"
8503/2,"Ductal carcinoma in situ, papillary"
8503/2,"Intraductal papillary tumor with high grade intraepithelial neoplasia"
8503/2,"Intracystic papillary neoplasm with high grade intraepithelial neoplasia"
8503/2,"Intracystic papillary tumor with high grade dysplasia"
8503/2,"Intracystic papillary tumor with high grade intraepithelial neoplasia"
8503/2,"Intraductal papillary neoplasm with high grade dysplasia"
8503/2,"Intraductal papillary tumor with high grade dysplasia"
8503/3,"Intraductal papillary neoplasm with associated invasive carcinoma"
8503/3,"Infiltrating and papillary adenocarcinoma"
8503/3,"Infiltrating papillary adenocarcinoma"
8503/3,"Intracystic papillary neoplasm with associated invasive carcinoma"
8504/0,"Intracystic papilloma"
8504/3,"Intracystic papillary adenocarcinoma"
8505/0,"Diffuse intraductal papillomatosis"
8506/0,"Subareolar duct papillomatosis"
8507/2,"Intraductal carcinoma, clinging"
8507/2,"Ductal carcinoma in situ, micropapillary"
8510/3,"Medullary adenocarcinoma"
8520/2,"LCIS, NOS"
8520/2,"Lobular carcinoma, noninfiltrating"
8520/3,"Infiltrating lobular carcinoma, NOS"
8520/3,"Lobular adenocarcinoma"
8522/3,"Infiltrating lobular carcinoma and ductal carcinoma in situ"
8522/3,"Infiltrating duct and lobular carcinoma in situ"
8522/3,"Intraductal and lobular carcinoma"
8522/3,"Lobular and ductal carcinoma"
8523/3,"Infiltrating duct and tubular carcinoma"
8523/3,"Infiltrating duct and colloid carcinoma"
8523/3,"Infiltrating duct and mucinous carcinoma"
8523/3,"Infiltrating duct and cribriform carcinoma"
8525/3,"Terminal duct adenocarcinoma"
8530/3,"Inflammatory adenocarcinoma"
8540/3,"Paget disease of breast"
8550/0,"Acinar adenoma"
8550/0,"Acinic cell adenoma"
8550/3,"Acinar adenocarcinoma"
8550/3,"Acinar carcinoma"
8550/3,"Acinic cell adenocarcinoma"
8560/3,"Mixed adenocarcinoma and epidermoid carcinoma"
8560/3,"Mixed adenocarcinoma and squamous cell carcinoma"
8561/0,"Papillary cystadenoma lymphomatosum"
8561/0,"Warthin tumor"
8570/3,Adenoacanthoma
8571/3,"Adenocarcinoma with cartilaginous metaplasia"
8571/3,"Adenocarcinoma with osseous metaplasia"
8573/3,"Carcinoma with apocrine metaplasia"
8574/3,"Carcinoma with neuroendocrine differentiation"
8576/3,"Hepatoid carcinoma"
8581/1,"Thymoma, medullary, NOS"
8581/1,"Thymoma, spindle cell, NOS"
8581/3,"Thymoma, medullary, malignant"
8581/3,"Thymoma, spindle cell, malignant"
8582/1,"Thymoma, mixed type, NOS"
8582/3,"Thymoma, mixed type, malignant"
8583/1,"Thymoma, lymphocyte-rich, NOS"
8583/1,"Thymoma, lymphocytic, NOS"
8583/1,"Thymoma, organoid, NOS"
8583/1,"Thymoma, predominantly cortical, NOS"
8583/3,"Thymoma, lymphocyte-rich, malignant"
8583/3,"Thymoma, lymphocytic, malignant"
8583/3,"Thymoma, organoid, malignant"
8583/3,"Thymoma, predominantly cortical, malignant"
8584/1,"Thymoma, cortical, NOS"
8584/3,"Thymoma, cortical, malignant"
8585/1,"Thymoma, atypical, NOS"
8585/1,"Thymoma, epithelial, NOS"
8585/3,"Thymoma, atypical, malignant"
8585/3,"Thymoma, epithelial, malignant"
8585/3,"Well differentiated thymic carcinoma"
8586/3,"Thymoma, type C"
8588/3,SETTLE
8588/3,"Spindle epithelial tumor with thymus-like differentiation"
8589/3,"Carcinoma showing thymus-like differentiation"
8589/3,CASTLE
8590/1,"Gonadal stromal tumor, NOS"
8590/1,"Ovarian stromal tumor"
8590/1,"Sex cord tumor, NOS"
8590/1,"Testicular stromal tumor"
8600/0,"Theca cell tumor"
8610/0,Luteinoma
8620/1,"Granulosa cell tumor, NOS"
8620/3,"Granulosa cell carcinoma"
8620/3,"Granulosa cell tumor, sarcomatoid"
8621/1,"Theca cell-granulosa cell tumor"
8630/0,"Arrhenoblastoma, benign"
8630/1,"Arrhenoblastoma, NOS"
8630/3,"Arrhenoblastoma, malignant"
8631/1,"Sertoli-Leydig cell tumor, NOS"
8631/3,"Sertoli-Leydig cell tumor, sarcomatoid"
8634/1,"Sertoli-Leydig cell tumor, retiform, with heterologous elements"
8640/1,"Pick tubular adenoma"
8640/1,"Sertoli cell adenoma"
8640/1,"Testicular adenoma"
8640/1,"Tubular androblastoma, NOS"
8641/0,"Lipid-rich Sertoli cell tumor"
8641/0,"Tubular androblastoma with lipid storage"
8641/0,"Folliculome lipidique"
8650/0,"Interstitial cell tumor, benign"
8650/1,"Interstitial cell tumor, NOS"
8650/3,"Interstitial cell tumor, malignant"
8660/0,"Hilar cell tumor"
8670/0,Masculinovoblastoma
8670/0,"Lipoid cell tumor of ovary"
8670/0,"Steroid cell tumor, NOS"
8690/1,"Jugular paraganglioma"
8690/1,"Jugulotympanic paraganglioma"
8691/1,"Aortic body paraganglioma"
8691/1,"Aorticopulmonary paraganglioma"
8692/1,"Carotid body paraganglioma"
8693/1,Chemodectoma
8693/1,"Nonchromaffin paraganglioma, NOS"
8693/3,"Nonchromaffin paraganglioma, malignant"
8700/0,"Adrenal medullary paraganglioma"
8700/0,Chromaffinoma
8700/0,"Chromaffin paraganglioma"
8700/0,"Chromaffin tumor"
8700/3,"Adrenal medullary paraganglioma, malignant"
8700/3,Pheochromoblastoma
8710/3,"Glomoid sarcoma"
8720/0,"Hairy nevus"
8720/0,"Melanocytic nevus"
8720/0,"Nevus, NOS"
8720/3,"Melanoma, NOS"
8723/0,"Regressing nevus"
8726/0,"Melanocytoma, NOS"
8726/0,"Melanocytoma, eyeball"
8730/0,"Achromic nevus"
8740/0,"Intraepidermal nevus"
8740/0,"Junction nevus"
8742/2,"Hutchinson melanotic freckle, NOS"
8742/3,"Malignant melanoma in Hutchinson melanotic freckle"
8745/3,"Neurotropic melanoma, malignant"
8745/3,"Desmoplastic melanoma, amelanotic"
8750/0,"Dermal nevus"
8760/0,"Dermal and epidermal nevus"
8761/1,"Intermediate and giant congenital nevus"
8761/3,"Malignant melanoma in congenital melanocytic nevus"
8770/0,"Pigmented spindle cell nevus of Reed"
8770/0,"Juvenile melanoma"
8770/0,"Juvenile nevus"
8770/0,"Spitz nevus"
8780/0,"Jadassohn blue nevus"
8800/3,"Mesenchymal tumor, malignant"
8800/3,"Soft tissue sarcoma"
8800/3,"Soft tissue tumor, malignant"
8802/3,"Pleomorphic cell sarcoma"
8803/3,"Round cell sarcoma"
8804/3,"Epithelioid cell sarcoma"
8811/0,"Plexiform fibromyxoma"
8811/0,"Myxofibroma, NOS"
8811/0,"Myxoid fibroma"
8812/3,"Periosteal sarcoma, NOS"
8814/3,"Congenital fibrosarcoma"
8815/0,"Localized fibrous tumor"
8821/1,"Invasive fibroma"
8821/1,"Desmoid, NOS"
8821/1,"Extra-abdominal desmoid"
8822/1,"Mesenteric fibromatosis"
8822/1,"Retroperitoneal fibromatosis"
8822/1,"Abdominal desmoid"
8824/1,"Congenital generalized fibromatosis"
8824/1,"Infantile myofibromatosis"
8825/1,"Inflammatory myofibroblastic tumor"
8827/1,"Congenital peribronchial myofibroblastic tumor"
8830/0,Xanthofibroma
8830/0,"Fibrous histiocytoma, NOS"
8830/0,"Fibroxanthoma, NOS"
8830/1,"Atypical fibroxanthoma"
8830/3,"Fibroxanthoma, malignant"
8831/0,Reticulohistiocytoma
8831/0,"Juvenile histiocytoma"
8831/0,"Deep histiocytoma"
8832/0,"Sclerosing hemangioma"
8832/0,"Subepidermal nodular fibrosis"
8832/0,"Cutaneous histiocytoma, NOS"
8832/0,"Dermatofibroma lenticulare"
8832/3,"Dermatofibrosarcoma protuberans, NOS"
8833/3,"Bednar tumor"
8841/1,"Aggressive angiomyxoma"
8850/1,"Superficial well differentated liposarcoma"
8850/1,"Well differentiated liposarcoma of superficial soft tissue"
8850/3,Fibroliposarcoma
8851/3,"Sclerosing liposarcoma"
8851/3,"Inflammatory liposarcoma"
8851/3,"Lipoma-like liposarcoma"
8851/3,"Liposarcoma, differentiated"
8852/0,Myxolipoma
8852/3,Myxoliposarcoma
8856/0,"Infiltrating angiolipoma"
8856/0,"Infiltrating lipoma"
8880/0,"Brown fat tumor"
8880/0,"Fetal fat cell lipoma"
8881/0,Lipoblastoma
8881/0,"Fetal lipoma, NOS"
8881/0,"Fetal lipomatosis"
8890/0,Lipoleiomyoma
8890/0,"Plexiform leiomyoma"
8890/0,Leiomyofibroma
8890/0,"Fibroid uterus"
8890/0,Fibromyoma
8890/1,"Intravascular leiomyomatosis"
8891/0,Leiomyoblastoma
8893/0,"Pleomorphic leiomyoma"
8893/0,"Symplastic leiomyoma"
8893/0,"Atypical leiomyoma"
8894/0,Angioleiomyoma
8894/0,"Vascular leiomyoma"
8897/1,"Smooth muscle tumor, NOS"
8900/3,Rhabdosarcoma
8901/3,"Pleomorphic rhabdomyosarcoma, NOS"
8902/3,"Mixed embryonal rhabdomyosarcoma and alveolar rhabdomyosarcoma"
8904/0,"Glycogenic rhabdomyoma"
8910/3,"Embryonal rhabdomyosarcoma, pleomorphic"
8910/3,"Sarcoma botryoides"
8910/3,"Botryoid sarcoma"
8921/3,Ectomesenchymoma
8930/3,"Endometrial stromal sarcoma, high grade"
8930/3,"Endometrial sarcoma, NOS"
8931/3,"Stromal endometriosis"
8931/3,"Stromal myosis, NOS"
8931/3,"Endolymphatic stromal myosis"
8931/3,"Endometrial stromatosis"
8932/0,"Atypical polypoid adenomyoma"
8936/0,"GIST, benign"
8936/1,"Gastrointestinal pacemaker cell tumor"
8936/1,"Gastrointestinal autonomic nerve tumor"
8936/1,GANT
8936/1,"Gastrointestinal stromal tumor, uncertain malignant potential"
8936/1,"GIST, NOS"
8936/3,"Gastrointestinal stromal tumor, malignant"
8936/3,"GIST, malignant"
8940/0,"Chondroid syringoma"
8940/0,"Mixed tumor, NOS"
8940/0,"Mixed tumor, salivary gland type, NOS"
8940/3,"Malignant chondroid syringoma"
8940/3,"Mixed tumor, salivary gland type, malignant"
8959/3,"Malignant multilocular cystic nephroma"
8960/3,"Nephroma, NOS"
8960/3,"Wilms tumor"
8963/3,"Rhabdoid sarcoma"
8963/3,"Rhabdoid tumor, NOS"
8966/0,"Renomedullary fibroma"
8970/3,"Hepatoblastoma, epithelioid"
8970/3,"Hepatoblastoma, mixed epithelial-mesenchymal"
8970/3,"Embryonal hepatoma"
8972/3,Pneumoblastoma
8982/0,"Myoepithelial adenoma"
8982/0,"Myoepithelial tumor"
8982/3,"Myoepithelial carcinoma"
8990/1,"Mixed mesenchymal tumor"
8990/3,"Mixed mesenchymal sarcoma"
9000/1,"Brenner tumor, proliferating"
9013/0,"Cystadenofibroma, NOS"
9013/0,"Papillary adenofibroma"
9014/0,"Serous cystadenofibroma, NOS"
9014/1,"Serous cystadenofibroma of borderline malignancy"
9014/3,"Serous cystadenocarcinofibroma"
9014/3,"Malignant serous adenofibroma"
9014/3,"Malignant serous cystadenofibroma"
9015/0,"Mucinous cystadenofibroma, NOS"
9015/1,"Mucinous cystadenofibroma of borderline malignancy"
9015/3,"Mucinous cystadenocarcinofibroma"
9015/3,"Malignant mucinous adenofibroma"
9015/3,"Malignant mucinous cystadenofibroma"
9020/1,"Phyllodes tumor, NOS"
9020/1,"Cystosarcoma phyllodes, NOS"
9020/3,"Cystosarcoma phyllodes, malignant"
9040/3,"Synovioma, malignant"
9040/3,"Synovioma, NOS"
9041/3,"Synovial sarcoma, monophasic fibrous"
9044/3,"Melanoma, malignant, of soft parts"
9044/3,"Clear cell sarcoma, of tendons and aponeuroses"
9050/3,"Mesothelioma, NOS"
9051/3,"Sarcomatoid mesothelioma"
9051/3,"Spindled mesothelioma"
9051/3,"Desmoplastic mesothelioma"
9051/3,"Fibrous mesothelioma, NOS"
9052/0,"Well differentiated papillary mesothelioma, benign"
9052/0,"Mesothelial papilloma"
9052/3,"Epithelioid mesothelioma, NOS"
9053/3,"Mesothelioma, biphasic, NOS"
9055/0,"Cystic mesothelioma, benign"
9062/3,"Seminoma with high mitotic index"
9063/3,Spermatocytoma
9064/2,"Intratubular germ cell neoplasia"
9064/3,"Germ cell tumor, NOS"
9070/3,"Embryonal adenocarcinoma"
9071/3,"Hepatoid yolk sac tumor"
9071/3,Orchioblastoma
9071/3,"Polyvesicular vitelline tumor"
9071/3,"Embryonal carcinoma, infantile"
9071/3,"Endodermal sinus tumor"
9072/3,"Embryonal carcinoma, polyembryonal type"
9073/1,Gonocytoma
9080/0,"Mature teratoma"
9080/0,"Adult cystic teratoma"
9080/0,"Adult teratoma, NOS"
9080/0,"Teratoma, differentiated"
9080/0,"Cystic teratoma, NOS"
9080/1,"Solid teratoma"
9080/3,"Immature teratoma, malignant"
9080/3,"Immature teratoma, NOS"
9080/3,"Teratoblastoma, malignant"
9080/3,"Embryonal teratoma"
9081/3,"Mixed embryonal carcinoma and teratoma"
9082/3,"Malignant teratoma, anaplastic"
9084/0,"Dermoid, NOS"
9084/3,"Dermoid cyst with malignant transformation"
9084/3,"Dermoid cyst with secondary tumor"
9085/3,"Mixed teratoma and seminoma"
9091/1,"Struma ovarii and carcinoid"
9100/0,"Hydatid mole"
9100/0,"Complete hydatidiform mole"
9100/1,"Invasive mole, NOS"
9100/1,"Malignant hydatidiform mole"
9100/1,"Chorioadenoma destruens"
9100/1,Chorioadenoma
9100/3,Chorioepithelioma
9100/3,Chorionepithelioma
9101/3,"Choriocarcinoma combined with embryonal carcinoma"
9101/3,"Choriocarcinoma combined with teratoma"
9110/0,"Mesonephric adenoma"
9110/0,"Wolffian duct adenoma"
9110/1,"Wolffian duct tumor"
9110/3,"Mesonephric adenocarcinoma"
9110/3,"Mesonephroma, NOS"
9110/3,"Wolffian duct carcinoma"
9120/0,"Angioma, NOS"
9120/0,Chorioangioma
9120/3,Angiosarcoma
9123/0,"Arteriovenous hemangioma"
9125/0,"Histiocytoid hemangioma"
9130/1,"Kaposiform hemangioendothelioma"
9130/1,Angioendothelioma
9130/3,"Hemangioendothelial sarcoma"
9131/0,"Hemangioma simplex"
9131/0,"Infantile hemangioma"
9131/0,"Juvenile hemangioma"
9131/0,"Plexiform hemangioma"
9135/1,"Dabska tumor"
9136/1,"Spindle cell angioendothelioma"
9140/3,"Multiple hemorrhagic sarcoma"
9160/0,"Cellular angiofibroma"
9160/0,"Giant cell angiofibroma"
9160/0,"Juvenile angiofibroma"
9161/1,Angioblastoma
9170/0,"Lymphangioendothelioma, NOS"
9170/3,"Lymphangioendothelial sarcoma"
9170/3,"Lymphangioendothelioma, malignant"
9173/0,"Hygroma, NOS"
9173/0,"Cystic hygroma"
9174/1,Lymphangioleiomyomatosis
9180/3,"Osteoblastic sarcoma"
9180/3,Osteochondrosarcoma
9180/3,"Osteogenic sarcoma, NOS"
9182/3,Osteofibrosarcoma
9185/3,"Round cell osteosarcoma"
9186/3,"Medullary osteosarcoma"
9186/3,"Conventional central osteosarcoma"
9187/3,"Intraosseous low grade osteosarcoma"
9192/3,"Juxtacortical osteosarcoma"
9200/0,"Giant osteoid osteoma"
9210/0,"Osteocartilaginous exostosis"
9210/0,"Cartilaginous exostosis"
9210/0,Ecchondroma
9210/1,Ecchondrosis
9220/0,Enchondroma
9220/3,Fibrochondrosarcoma
9221/0,"Periosteal chondroma"
9221/3,"Periosteal chondrosarcoma"
9230/0,"Chondromatous giant cell tumor"
9230/0,"Codman tumor"
9250/1,"Osteoclastoma, NOS"
9250/3,"Osteoclastoma, malignant"
9250/3,"Giant cell sarcoma of bone"
9252/0,"Fibrous histiocytoma of tendon sheath"
9252/0,"Giant cell tumor of tendon sheath"
9252/3,"Giant cell tumor of tendon sheath, malignant"
9260/3,"Ewing tumor"
9261/3,"Tibial adamantinoma"
9262/0,Osteofibroma
9262/0,Fibro-osteoma
9270/3,"Odontogenic carcinoma"
9270/3,"Odontogenic sarcoma"
9270/3,"Primary intraosseous carcinoma"
9270/3,"Ameloblastic carcinoma"
9271/0,Dentinoma
9272/0,"Periapical cemental dysplasia"
9272/0,"Periapical cemento-osseous dysplasia"
9274/0,"Cemento-ossifying fibroma"
9275/0,"Florid osseous dysplasia"
9290/0,"Fibroameloblastic odontoma"
9290/3,"Ameloblastic fibrodentinosarcoma"
9290/3,"Ameloblastic fibro-odontosarcoma"
9300/0,Adenoameloblastoma
9310/0,"Adamantinoma, NOS"
9310/3,"Adamantinoma, malignant"
9320/0,"Odontogenic myxofibroma"
9321/0,"Odontogenic fibroma, NOS"
9330/3,"Odontogenic fibrosarcoma"
9330/3,"Ameloblastic sarcoma"
9340/0,"Pindborg tumor"
9350/1,"Rathke pouch tumor"
9362/3,"Transitional pineal tumor"
9362/3,"Mixed pineal tumor"
9362/3,"Pineal parenchymal tumor of intermediate differentiation"
9362/3,"Mixed pineocytoma-pineoblastoma"
9363/0,Melanoameloblastoma
9363/0,"Melanotic progonoma"
9363/0,"Retinal anlage tumor"
9364/3,"Peripheral primitive neuroectodermal tumor, NOS"
9364/3,"Neuroectodermal tumor, NOS"
9364/3,PPNET
9380/3,"Glioma, NOS"
9382/3,Oligoastrocytoma
9382/3,"Anaplastic oligoastrocytoma"
9383/1,"Mixed subependymoma-ependymoma"
9383/1,"Subependymal astrocytoma, NOS"
9383/1,"Subependymal glioma"
9390/3,"Choroid plexus papilloma, anaplastic"
9390/3,"Choroid plexus papilloma, malignant"
9391/3,"Clear cell ependymoma"
9391/3,"Tanycytic ependymoma"
9391/3,"Cellular ependymoma"
9391/3,"Epithelial ependymoma"
9392/3,Ependymoblastoma
9400/3,"Diffuse astrocytoma, low grade"
9400/3,"Diffuse astrocytoma"
9400/3,"Astrocytoma, low grade"
9400/3,"Astrocytic glioma"
9411/3,Gemistocytoma
9412/1,"Desmoplastic infantile ganglioglioma"
9420/3,"Fibrous astrocytoma"
9421/1,"Juvenile astrocytoma"
9421/1,"Piloid astrocytoma"
9423/3,"Spongioblastoma polare"
9440/3,"Glioblastoma multiforme"
9440/3,"Spongioblastoma multiforme"
9442/3,"Glioblastoma with sarcomatous component"
9444/1,"Chordoid glioma of third ventricle"
9470/3,"Melanotic medulloblastoma"
9471/3,"Medulloblastoma with extensive nodularity"
9471/3,"Desmoplastic medulloblastoma"
9473/3,"Central primitive neuroectodermal tumor, NOS"
9473/3,"Supratentorial PNET"
9473/3,"PNET, NOS"
9473/3,CPNET
9474/3,"Anaplastic medulloblastoma"
9500/3,Sympathicoblastoma
9500/3,"Central neuroblastoma"
9501/0,"Diktyoma, benign"
9501/3,"Diktyoma, malignant"
9506/1,"Extraventricular neurocytoma"
9506/1,"Cerebellar liponeurocytoma"
9506/1,"Lipomatous medulloblastoma"
9506/1,Medullocytoma
9506/1,Neurocytoma
9506/1,Neurolipocytoma
9509/1,"Rosette-forming glioneuronal tumor"
9521/3,Esthesioneurocytoma
9522/3,Esthesioneuroblastoma
9523/3,Esthesioneuroepithelioma
9530/0,"Secretory meningioma"
9530/0,"Microcystic meningioma"
9530/0,"Metaplastic meningioma"
9530/0,"Lymphoplasmacyte-rich meningioma"
9530/1,"Multiple meningiomas"
9530/1,"Diffuse meningiomatosis"
9530/3,"Leptomeningeal sarcoma"
9530/3,"Meningeal sarcoma"
9530/3,"Meningioma, anaplastic"
9530/3,"Meningothelial sarcoma"
9531/0,"Syncytial meningioma"
9531/0,"Endotheliomatous meningioma"
9532/0,"Fibroblastic meningioma"
9537/0,"Mixed meningioma"
9538/1,"Chordoid meningioma"
9538/3,"Rhabdoid meningioma"
9540/1,"Multiple neurofibromatosis"
9540/1,"Recklinghausen disease"
9540/1,"Von Recklinghausen disease"
9540/3,"MPNST with glandular differentiation"
9540/3,"Melanotic MPNST"
9540/3,"Melanotic psammomatous MPNST"
9540/3,"Epithelioid MPNST"
9540/3,"MPNST with mesenchymal differentiation"
9540/3,"MPNST, NOS"
9550/0,"Plexiform neuroma"
9560/0,"Degenerated schwannoma"
9560/0,"Pigmented schwannoma"
9560/0,"Cellular schwannoma"
9560/0,"Psammomatous schwannoma"
9560/0,"Acoustic neuroma"
9560/0,"Plexiform schwannoma"
9560/0,"Ancient schwannoma"
9560/0,"Melanotic schwannoma"
9560/0,Neurinoma
9560/0,"Schwannoma, NOS"
9561/3,"Malignant schwannoma with rhabdomyoblastic differentiation"
9561/3,"MPNST with rhabdomyoblastic differentiation"
9561/3,"Triton tumor, malignant"
9562/0,"Nerve sheath myxoma"
9571/0,"Soft tissue perineurioma"
9571/0,"Intraneural perineurioma"
9571/3,"Perineural MPNST"
9580/0,"Granular cell myoblastoma, NOS"
9580/3,"Granular cell myoblastoma, malignant"
9590/3,"Lymphoma, NOS"
9591/3,"Malignant lymphoma, non-cleaved cell, NOS"
9591/3,"B cell lymphoma, NOS"
9591/3,"Malignant lymphoma, diffuse, NOS"
9591/3,"Hairy cell leukemia variant"
9591/3,"Splenic B-cell lymphoma/leukemia, unclassifiable"
9591/3,"Splenic diffuse red pulp small B-cell lymphoma"
9591/3,"Non-Hodgkin lymphoma, NOS"
9596/3,"B-cell lymphoma, unclassifiable, with features intermediate between diffuse large B-cell lymphoma and classical Hodgkin lymphoma"
9650/3,"Hodgkin disease, NOS"
9650/3,"Malignant lymphoma, Hodgkin"
9651/3,"Classical Hodgkin lymphoma, lymphocyte- rich"
9652/3,"Classical Hodgkin lymphoma, mixed cellularity, NOS"
9653/3,"Classical Hodgkin lymphoma, lymphocyte depletion, NOS"
9654/3,"Classical Hodgkin lymphoma, lymphocyte depletion, diffuse fibrosis"
9655/3,"Classical Hodgkin lymphoma, lymphocyte depletion, reticular"
9659/3,"Hodgkin lymphoma, lymphocyte predominance, nodular"
9663/3,"Hodgkin disease, nodular sclerosis, NOS"
9663/3,"Classical Hodgkin lymphoma, nodular sclerosis, NOS"
9664/3,"Classical Hodgkin lymphoma, nodular sclerosis, cellular phase"
9665/3,"Hodgkin disease, nodular sclerosis, lymphocyte predominance"
9665/3,"Hodgkin disease, nodular sclerosis, mixed cellularity"
9665/3,"Classical Hodgkin lymphoma, nodular sclerosis, grade 1"
9667/3,"Hodgkin disease, nodular sclerosis, lymphocyte depletion"
9667/3,"Hodgkin disease, nodular sclerosis, syncytial variant"
9667/3,"Classical Hodgkin lymphoma, nodular sclerosis, grade 2"
9670/3,"Malignant lymphoma, lymphocytic, diffuse, NOS"
9670/3,"Malignant lymphoma, lymphocytic, NOS"
9670/3,"Malignant lymphoma, lymphocytic, well differentiated, diffuse"
9670/3,"Malignant lymphoma, small cell diffuse"
9670/3,"Malignant lymphoma, small cell, NOS"
9670/3,"Malignant lymphoma, small lymphocytic, diffuse"
9670/3,"Malignant lymphoma, small lymphocytic, NOS"
9671/3,"Malignant lymphoma, lymphoplasmacytoid"
9673/3,"Malignant lymphomatous polyposis"
9679/3,"Thymic large B-cell lymphoma"
9680/3,"B-cell lymphoma, unclassifiable, with features intermediate between diffuse large B-cell lymphoma and Burkitt lymphoma"
9680/3,"Diffuse large B-cell lymphoma associated with chronic inflammation"
9680/3,"Intravascular large B-cell lymphoma"
9680/3,"Malignant lymphoma, centroblastic, diffuse"
9680/3,"Anaplastic large B-cell lymphoma"
9680/3,"T-cell rich large B-cell lymphoma"
9680/3,"Primary diffuse large B-cell lymphoma of the CNS"
9680/3,"Malignant lymphoma, centroblastic, NOS"
9680/3,"Primary cutaneous DLBCL, leg type"
9680/3,"EBV positive diffuse large B-cell lymphoma of the elderly"
9680/3,"Histiocyte-rich large B-cell lymphoma"
9680/3,"Intravascular B-cell lymphoma"
9680/3,"Malignant lymphoma, histiocytic, diffuse"
9680/3,"Malignant lymphoma, large B-cell, diffuse, centroblastic, NOS"
9680/3,"Malignant lymphoma, large B-cell, NOS"
9680/3,"Malignant lymphoma, large cell, cleaved, diffuse"
9680/3,"Malignant lymphoma, large cell, noncleaved, diffuse"
9680/3,"Malignant lymphoma, large cell, noncleaved, NOS"
9680/3,"Malignant lymphoma, large cell, NOS"
9680/3,"Malignant lymphoma, noncleaved, NOS"
9680/3,Angioendotheliomatosis
9680/3,"Angiotropic lymphoma"
9680/3,"Diffuse large B-cell lymphoma, NOS"
9684/3,"Malignant lymphoma, immunoblastic, NOS"
9684/3,"Malignant lymphoma, large cell, immunoblastic"
9687/3,"Burkitt-like lymphoma"
9689/3,"Splenic lymphoma with villous lymphocytes"
9689/3,"Splenic marginal zone lymphoma, NOS"
9690/3,"Malignant lymphoma, follicle center, follicular"
9690/3,"Malignant lymphoma, follicle center, NOS"
9690/3,"Malignant lymphoma, follicular, NOS"
9695/3,"Follicular lymphoma, small cleaved cell"
9698/3,"Malignant lymphoma, centroblastic, follicular"
9698/3,"Malignant lymphoma, large cell, follicular, NOS"
9698/3,"Follicular lymphoma, grade 3B"
9698/3,"Follicular lymphoma, grade 3A"
9699/3,"Extranodal marginal zone lymphoma of mucosa-associated lymphoid tissue"
9699/3,"MALT lymphoma"
9699/3,"Marginal zone lymphoma, NOS"
9699/3,"Monocytoid B-cell lymphoma"
9699/3,"Mucosal-associated lymphoid tissue lymphoma"
9699/3,"Nodal marginal zone lymphoma"
9699/3,"SALT lymphoma"
9699/3,"Skin-associated lymphoid tissue lymphoma"
9699/3,"BALT lymphoma"
9699/3,"Bronchial-associated lymphoid tissue lymphoma"
9700/3,"Pagetoid reticulosis"
9701/3,"Sezary disease"
9702/3,"Lymphoepithelioid lymphoma"
9702/3,"Anaplastic large cell lymphoma, ALK negative"
9702/3,"Lennert lymphoma"
9702/3,"Peripheral T-cell lymphoma, large cell"
9702/3,"Peripheral T-cell lymphoma, NOS"
9702/3,"Peripheral T-cell lymphoma, pleomorphic medium and large cell"
9702/3,"Peripheral T-cell lymphoma, pleomorphic small cell"
9702/3,"T-cell lymphoma, NOS"
9702/3,"T-zone lymphoma"
9709/3,"Primary cutaneous CD4-positive small/medium T-cell lymphoma"
9709/3,"Primary cutaneous CD8-positive aggressive epidermotropic cytotoxic T-cell lymphoma"
9714/3,"Anaplastic large cell lymphoma, NOS"
9714/3,"Anaplastic large cell lymphoma, ALK positive"
9714/3,"Anaplastic large cell lymphoma, CD30+"
9716/3,"Hepatosplenic gamma-delta cell lymphoma"
9717/3,"Enteropathy associated T-cell lymphoma"
9717/3,"Enteropathy type intestinal T-cell lymphoma"
9718/3,"Lymphomatoid papulosis"
9718/3,"Primary cutaneous anaplastic large cell lymphoma"
9718/3,"Primary cutaneous CD30+ large T-cell lymphoma"
9719/3,"T/NK-cell lymphoma"
9719/3,"Extranodal NK/T-cell lymphoma, nasal type"
9727/3,"Blastic plasmacytoid dendritic cell neoplasm"
9727/3,"Malignant lymphoma, lymphoblastic, NOS"
9731/3,"Plasma cell tumor"
9731/3,"Plasmacytoma of bone"
9731/3,"Solitary myeloma"
9731/3,"Solitary plasmacytoma"
9732/3,"Myeloma, NOS"
9732/3,Myelomatosis
9732/3,"Plasma cell myeloma"
9733/3,"Plasmacytic leukemia"
9734/3,"Extraosseous plasmacytoma"
9740/1,"Cutaneous mastocytosis"
9740/1,"Urticaria pigmentosa"
9740/1,"Diffuse cutaneous mastocytosis"
9740/1,"Mast cell tumor, NOS"
9740/1,"Extracutaneous mastocytoma"
9740/1,"Solitary mastocytoma of skin"
9740/3,"Malignant mast cell tumor"
9740/3,"Malignant mastocytoma"
9741/3,"Aggressive systemic mastocytosis"
9741/3,"Systemic mastocytosis with AHNMD"
9741/3,"Systemic mastocytosis with associated hematological clonal non-mast cell disorder"
9741/3,"Systemic tissue mast cell disease"
9751/3,"Eosinophilic granuloma"
9755/3,"True histiocytic lymphoma"
9757/3,"Dendritic cell sarcoma, NOS"
9757/3,"Indeterminate dendritic cell tumor"
9757/3,"Interdigitating cell sarcoma"
9758/3,"Follicular dendritic cell tumor"
9762/3,"Gamma heavy chain disease"
9762/3,"Mu heavy chain disease"
9762/3,"Alpha heavy chain disease"
9762/3,"Franklin disease"
9764/3,"Mediterranean lymphoma"
9765/1,MGUS
9765/1,"Monoclonal gammopathy, NOS"
9766/1,"Lymphomatoid granulomatosis"
9769/1,"Primary amyloidosis"
9769/1,"Systemic light chain disease"
9801/3,"Stem cell leukemia"
9801/3,"Undifferentiated leukemia"
9801/3,"Blast cell leukemia"
9805/3,"Acute bilineal leukemia"
9805/3,"Acute mixed lineage leukemia"
9823/3,"Chronic lymphatic leukemia"
9823/3,"Chronic lymphocytic leukemia, B-cell type"
9823/3,"Chronic lymphocytic leukemia"
9823/3,"Chronic lymphoid leukemia"
9826/3,"Acute lymphoblastic leukemia, mature B-cell type"
9827/3,"Adult T-cell leukemia"
9827/3,"Adult T-cell lymphoma"
9827/3,"Adult T-cell lymphoma/leukemia"
9831/3,"Chronic lymphoproliferative disorder of NK cells"
9831/3,"NK-cell large granular lymphocytic leukemia"
9831/3,"Large granular lymphocytosis, NOS"
9831/3,"T-cell large granular lymphocytosis"
9835/3,"Lymphoblastic leukemia, NOS"
9835/3,"Acute lymphatic leukemia"
9835/3,"Acute lymphoblastic leukemia, L2 type, NOS"
9835/3,"Acute lymphoblastic leukemia-lymphoma, NOS"
9835/3,"Acute lymphoblastic leukemia, NOS"
9835/3,"Acute lymphoblastic leukemia, precursor-cell type"
9835/3,"Acute lymphocytic leukemia"
9835/3,"Acute lymphoid leukemia"
9835/3,"Precursor cell lymphoblastic leukemia, not phenotyped"
9835/3,"FAB L2"
9836/3,"Pre-B ALL"
9836/3,"Pre-pre-B ALL"
9836/3,"Pro-B ALL"
9836/3,c-ALL
9836/3,"Common ALL"
9836/3,"Common precursor B ALL"
9837/3,"T lymphoblastic leukemia/lymphoma"
9837/3,"Mature T ALL"
9837/3,"Pre-T ALL"
9837/3,"Pro-T ALL"
9837/3,"Cortical T ALL"
9840/3,M6A
9840/3,M6B
9840/3,"Acute erythroid leukemia"
9840/3,"AML M6"
9840/3,"Erythremic myelosis, NOS"
9840/3,Erythroleukemia
9840/3,"FAB M6"
9860/3,"Eosinophilic leukemia"
9860/3,"Monocytic leukemia, NOS"
9860/3,"Granulocytic leukemia, NOS"
9860/3,"Myelocytic leukemia, NOS"
9860/3,"Myelogenous leukemia, NOS"
9860/3,"Myelomonocytic leukemia, NOS"
9860/3,"Non-lymphocytic leukemia, NOS"
9861/3,"Acute myeloid leukemia with mutated NPM1"
9861/3,"Acute myeloid leukemia with mutated CEBPA"
9861/3,"Acute granulocytic leukemia"
9861/3,"Acute myelocytic leukemia"
9861/3,"Acute myelogenous leukemia"
9861/3,"Acute non-lymphocytic leukemia"
9863/3,"Chronic granulocytic leukemia, NOS"
9863/3,"Chronic myelocytic leukemia, NOS"
9863/3,"Chronic myelogenous leukemia, NOS"
9866/3,"Acute myeloid leukemia, PML/RAR-alpha"
9866/3,"Acute promyelocytic leukemia, NOS"
9866/3,"Acute promyelocytic leukemia, PML/RAR-alpha"
9866/3,"FAB M3"
9866/3,"Acute myeloid leukemia, t(15;17)(q22;q11-12)"
9867/3,"FAB M4"
9871/3,"Acute myeloid leukemia, CBF-beta/MYH11"
9871/3,"Acute myeloid leukemia, inv(16)(p13;q22)"
9871/3,"Acute myeloid leukemia, t(16;16)(p13;q11)"
9871/3,"Acute myelomonocytic leukemia with abnormal eosinophils"
9871/3,"FAB M4Eo"
9872/3,"Acute myeloblastic leukemia"
9872/3,"FAB M0"
9873/3,"FAB M1"
9874/3,"FAB M2, NOS"
9875/3,"Chronic granulocytic leukemia, BCR/ABL"
9875/3,"Chronic granulocytic leukemia, Philadelphia chromosome (Ph1) positive"
9875/3,"Chronic granulocytic leukemia, t(9;22)(q34;q11)"
9875/3,"Chronic myelogenous leukemia, Philadelphia chromosome (Ph1) positive"
9875/3,"Chronic myelogenous leukemia, t(9;22)(q34;11)"
9876/3,"Atypical chronic myeloid leukemia, Philadelphia chromosome (Ph1) negative"
9891/3,"Acute monoblastic and monocytic leukemia"
9891/3,"Acute monoblastic leukemia"
9891/3,"Monoblastic leukemia, NOS"
9891/3,"FAB M5"
9895/3,"Acute myeloid leukemia without prior myelodysplastic syndrome"
9895/3,"Acute myeloid leukemia with prior myelodysplastic syndrome"
9895/3,"Acute myeloid leukemia with multilineage dysplasia"
9896/3,"FAB M2, AML1(CBF-alpha)/ETO"
9896/3,"FAB M2, t(8;21)(q22;q22)"
9896/3,"Acute myeloid leukemia with t(8;21)(q22;q22); RUNX1-RUNX1T1"
9896/3,"Acute myeloid leukemia, AML1(CBF-alpha)/ETO"
9897/3,"Acute myeloid leukemia, MLL"
9897/3,"Acute myeloid leukemia with t(9;11)(p22;q23); MLLT3-MLL"
9910/3,"Megakaryocytic leukemia"
9910/3,"FAB M7"
9920/3,"Therapy-related acute myeloid leukemia, epipodophyllotoxin-related"
9920/3,"Therapy-related acute myeloid leukemia, alkylating agent related"
9920/3,"Therapy-related acute myeloid leukemia, NOS"
9930/3,"Granulocytic sarcoma"
9930/3,Chloroma
9931/3,"Acute myelofibrosis"
9931/3,"Acute myelosclerosis, NOS"
9931/3,"Acute panmyelosis, NOS"
9940/3,"Hairy cell leukemia variant"
9940/3,"Leukemic reticuloendotheliosis"
9945/3,"Chronic myelomonocytic leukemia, Type II"
9945/3,"Chronic myelomonocytic leukemia, Type I"
9946/3,"Juvenile chronic myelomonocytic leukemia"
9950/3,"Polycythemia rubra vera"
9950/3,"Proliferative polycythemia"
9960/3,"Chronic myeloproliferative disorder"
9960/3,"Chronic myeloproliferative disease, NOS"
9960/3,"Myeloproliferative disease, NOS"
9961/3,"Megakaryocytic myelosclerosis"
9961/3,"Myelofibrosis as a result of myeloproliferative disease"
9961/3,"Myelofibrosis with myeloid metaplasia"
9961/3,"Agnogenic myeloid metaplasia"
9961/3,"Chronic idiopathic myelofibrosis"
9961/3,"Myelosclerosis with myeloid metaplasia"
9962/3,"Idiopathic hemorrhagic thrombocythemia"
9962/3,"Idiopathic thrombocythemia"
9962/3,"Essential hemorrhagic thrombocythemia"
9964/3,"Hypereosinophilic syndrome"
9970/1,"Lymphoproliferative disease, NOS"
9971/1,"PTLD, NOS"
9975/3,"Myelodysplastic/myeloproliferative neoplasm, unclassifiable"
9980/3,"Refractory anemia without sideroblasts"
9982/3,RARS
9982/3,"Refractory anemia with ringed sideroblasts"
9982/3,"Refractory anemia with ring sideroblasts associated with marked thrombocytosis"
9983/3,RAEB
9983/3,"RAEB I"
9983/3,"RAEB II"
9985/3,"Refractory cytopenia of childhood"
9986/3,"Myelodysplastic syndrome with isolated del (5q)"
9987/3,"Therapy-related myelodysplastic syndrome, alkylating agent related"
9987/3,"Therapy-related myelodysplastic syndrome, epipodophyllotoxin-related"
9989/3,"Myelodysplastic syndrome, unclassifiable"
